Year,Month,Day,Hour,Season,DEWP,HWMI,PRES,TEMP,CBWD,IWS,RAIN,IPREC,City
-0.150621691,-0.060594557,0.055676929,-0.017714387,0.18188708,-0.033522068,0.060498598,0.182015131,-0.264894052,0.180889421,-0.168689884,-0.052267112,-0.074920269,-0.155749046